{
  "merged": {
    "records": 14449,
    "columns": 17,
    "memory_mb": 8.827202796936035,
    "salary": {
      "count": 14449,
      "mean": 151101.3970797287,
      "median": 144170.89,
      "std": 68371.95784422006,
      "min": 35000.0,
      "max": 545613.0,
      "q25": 100084.5,
      "q75": 190000.0
    },
    "missing_pct": {
      "job_title": 0.0,
      "employer_name": 0.0,
      "location_city": 22.81126721572427,
      "location_state": 0.0,
      "annual_salary": 0.0,
      "year": 0.0,
      "soc_code": 99.58474634922833,
      "data_source": 0.0,
      "source_priority": 0.0,
      "seniority_level": 77.18873278427573,
      "employment_type": 77.18873278427573,
      "job_function": 77.18873278427573,
      "industries": 77.18873278427573,
      "education": 77.18873278427573,
      "estimated_yoe": 77.18873278427573,
      "skills": 77.18873278427573,
      "quality_score": 0.0
    }
  }
}