{
  "merged": {
    "records": 15346,
    "columns": 17,
    "memory_mb": 9.531937599182129,
    "salary": {
      "count": 15346,
      "mean": 160045.54055736566,
      "median": 146253.95,
      "std": 86498.6689027834,
      "min": 35000.0,
      "max": 577200.0,
      "q25": 100454.945,
      "q75": 197600.0
    },
    "missing_pct": {
      "job_title": 0.0,
      "employer_name": 0.0,
      "location_city": 27.355662713410663,
      "location_state": 7.1484425909031675,
      "annual_salary": 0.0,
      "year": 0.0,
      "soc_code": 99.60901863677832,
      "data_source": 0.0,
      "source_priority": 0.0,
      "seniority_level": 72.64433728658935,
      "employment_type": 72.64433728658935,
      "job_function": 72.64433728658935,
      "industries": 72.64433728658935,
      "education": 72.64433728658935,
      "estimated_yoe": 85.55323862895868,
      "skills": 72.64433728658935,
      "quality_score": 0.0
    }
  }
}